metric,value
total_return,-7.329752377101349e-05
num_trades,65.0
win_rate,0.4307692307692308
sharpe,-4.131604749221594
