metric,value
total_return,0.45280235712187605
num_trades,1578.0
win_rate,0.5209125475285171
sharpe,0.8058284515034876
